{"m_projector2camera": [[0.5862433395686202, -0.001593870146704415, 398.475450243405], [0.0015502104996379103, 0.4439313843710934, 299.58897869295595], [3.4775653910531114e-06, -1.0251757520999296e-06, 0.9959470502429631]], "m_camera2screen": [[1.3576528993832717, 0.16583708054355917, -566.6011805461984], [-0.16600778530445495, 1.778859285633082, -348.11832578344206], [-8.014054099123221e-05, 5.674573760779827e-05, 1.0]], "l_circle_projector": [[389, 231], [316, 842], [1632, 346], [1611, 905]], "l_circle_camera": [[389, 232], [314, 846], [1632, 348], [1611, 906]], "l_circle_screen": [[0, 0], [0, 1080], [1920, 0], [1920, 1080]]}