{"m_projector2camera": [[0.5825801513420578, -0.0008452200115198566, 398.3620464888744], [0.001603628101778258, 0.44042630924404685, 298.0905104667976], [1.6183115617769521e-06, -2.0666027051754953e-06, 0.9959568470999125]], "m_camera2screen": [[1.369602335973893, 0.03552282715782436, -517.701789036541], [-0.03452330281202841, 1.5754133849888887, -229.70194603659024], [-1.542501957996558e-05, 2.1716588226120424e-05, 1.0]], "l_circle_projector": [[374, 155], [356, 850], [1745, 182], [1745, 865]], "l_circle_camera": [[374, 154], [356, 848], [1743, 184], [1746, 864]], "l_circle_screen": [[0, 0], [0, 1080], [1920, 0], [1920, 1080]]}