{"m_projector2camera": [[0.573214056183868, 0.002636714359095172, 395.4290751671114], [-0.0011423790421619883, 0.4397112625877607, 297.28663640926186], [-2.46630448430178e-06, 3.1586633775634336e-06, 0.9884198186917988]], "m_camera2screen": [[1.5414763074497166, 0.10499219431546052, -679.2088221441212], [-0.028083919461570492, 1.778648232566128, -343.73781290313497], [3.135380579133409e-05, 6.268415907812377e-05, 1.0]], "l_circle_projector": [[427, 199], [381, 848], [1756, 221], [1766, 896]], "l_circle_camera": [[427, 200], [383, 846], [1757, 221], [1764, 896]], "l_circle_screen": [[0, 0], [0, 1080], [1920, 0], [1920, 1080]]}