{"m_projector2camera": [[0.5770008469718161, -0.00024960263646828083, 395.2711129767007], [0.00012317479177382073, 0.4390052129379527, 297.003617115254], [-5.534783573674894e-07, -5.995109751448207e-07, 0.9899532062346379]], "m_camera2screen": [[1.2291522355354036, 0.04594961628169741, -370.68704194852285], [-0.04097123489393975, 1.2868312347300672, -76.54095596308666], [-9.026158286179536e-06, 2.5466866315261528e-05, 1.0]], "l_circle_projector": [[300, 69], [268, 926], [1838, 117], [1839, 963]], "l_circle_camera": [[299, 69], [267, 925], [1838, 118], [1840, 964]], "l_circle_screen": [[0, 0], [0, 1080], [1920, 0], [1920, 1080]]}