{"m_projector2camera": [[0.7441586190052997, -0.0001383608855102727, 515.2473606926502], [-0.0038818209874256875, 0.5692548354231783, 390.9661334247222], [-6.8925058927156686e-06, 4.195040964531004e-07, 1.2914074565552796]], "m_camera2screen": [[2.478041228933668, 1.1357688965945978, -1267.5180885995715], [0.16941554418048188, 4.917182867677412, -2003.1115451798141], [3.064256866875911e-05, 0.001309969579324796, 1.0]], "l_circle_projector": [[332, 394], [111, 878], [1519, 355], [1779, 810]], "l_circle_camera": [[330, 396], [110, 876], [1520, 355], [1780, 811]], "l_circle_screen": [[0, 0], [0, 1080], [1920, 0], [1920, 1080]]}