{"m_projector2camera": [[0.5824260581138769, -0.001941021697317644, 400.2008052420974], [0.000981949651516001, 0.4413180227731114, 299.6803139325785], [1.8072671952954721e-06, -8.21560495014024e-07, 0.9961485398571008]], "m_camera2screen": [[1.4971467252347752, 0.01527700740035457, -638.2122611572239], [0.005945078035461606, 1.8845897372413747, -424.66881422910365], [-1.1617621766174934e-05, 3.8026539636742353e-05, 1.0]], "l_circle_projector": [[422, 223], [418, 812], [1693, 218], [1716, 800]], "l_circle_camera": [[424, 224], [418, 812], [1692, 220], [1714, 799]], "l_circle_screen": [[0, 0], [0, 1080], [1920, 0], [1920, 1080]]}